{"cameraMode":{"drawMode":0,"name":"Shaded","section":"Shading Mode"},"sceneLighting":false,"audioPlay":false,"sceneViewState":{"m_AlwaysRefresh":false,"showFog":true,"showSkybox":false,"showFlares":true,"showImageEffects":true,"showParticleSystems":true,"showVisualEffectGraphs":true,"m_FxEnabled":true},"in2DMode":false,"pivot":{"x":-0.8671087026596069,"y":0.09032350033521652,"z":-0.0012166500091552735},"rotation":{"x":-0.10786096751689911,"y":0.699286699295044,"z":-0.10812363028526306,"w":-0.698472261428833},"size":1.0071067810058594,"orthographic":false}